policy,noise_pct,congestion,capacity,n,carbon_mean,carbon_std,avg_jct_mean,avg_jct_std,tail_jct_mean,tail_jct_std,preemptions_mean,preemptions_std,starvation_mean,starvation_std,jobs_completed_mean,jobs_completed_std,overall_score_mean,overall_score_std,carbon_ci95,avg_jct_ci95,tail_jct_ci95,preemptions_ci95,starvation_ci95,jobs_completed_ci95,overall_score_ci95,carbon_per_completed_job_mean
srtf,20.0,high,6,30,59.63207043552244,3.62637616601943,1.0647742228148598,0.15983066187237024,4.959861111111107,1.0905037256417638,62.53333333333333,10.58213632474097,0.550943341921914,0.09314234034541928,213.06666666666666,6.208633218090886,0.12997060868948931,0.020393295692023018,1.297682045043588,0.057194667807139006,0.3902317465239136,3.7867688508148896,0.03333055843245965,2.2217308636851896,0.007297647140630702,0.27987517413417917
q_overall,20.0,high,6,30,57.59534042064892,3.031035966813548,1.8928303169021825,0.46429590672817295,7.199583333333331,1.5254511258811625,304.6666666666667,73.35710168631319,0.4721405683268036,0.08475773157637834,207.16666666666666,8.073299258638949,0.22630509683252004,0.039722217864964965,1.0846422908003968,0.16614615642859215,0.5458756747842868,26.250501706572074,0.03033016471813554,2.888993036731574,0.014214413109066992,0.2780145153048218
q_overall_guarded_budget,20.0,high,6,30,56.82164595294999,2.906097606533818,2.0159512817072747,0.5410866167952257,7.488749999999997,1.7200419299832144,328.0,77.38840686589549,0.4666129408689791,0.08504854638289032,206.26666666666668,7.878094174106575,0.23835102814754094,0.04937109354217483,1.0399336727614252,0.19362535911416054,0.6155090997389316,27.693085738161237,0.03043423146012984,2.819139794348026,0.0176672189262079,0.2754766287311732
q_overall_guarded,20.0,high,6,30,56.571886841484734,3.020090276138517,2.074677390948486,0.5673703178552141,7.625138888888885,1.7722752693720698,327.93333333333334,76.60509271507384,0.46478906978945583,0.08615905074782584,205.63333333333333,8.0106968715472,0.24435572336538905,0.05025677745208459,1.0807254256961403,0.2030308607448089,0.6342005601871699,27.412780369216133,0.030831620343506824,2.866591060216544,0.017984156842975507,0.27511048877363303
fcfs,20.0,high,6,30,57.531365381360764,4.282124647243314,4.254221615338808,1.1952647534471952,10.443611111111109,2.0435716345513275,0.0,0.0,0.4363861610067238,0.10728541241084559,123.1,19.04323574359691,0.7628509825547838,0.0401891112070269,1.5323386253847564,0.42771999886720125,0.7312827176526909,0.0,0.03839159177286103,6.814534392642372,0.014381488745792575,0.46735471471454726
carbon,20.0,high,6,30,54.66987355949198,2.715885800862507,3.8418767995914664,1.0727201107829754,11.362916666666665,2.7386058688473347,240.46666666666667,60.19951502458639,0.4940050945058016,0.08199541956197806,128.96666666666667,19.68455255258301,0.7891049587030754,0.05462533699276814,0.9718672522703807,0.3838679616759806,0.9799975241826969,21.542119788826923,0.029341684058714557,7.0440266653978,0.01954742579774354,0.4239070061475212
ecovisor_proxy,20.0,high,6,30,53.01720908337777,2.673171661062728,3.4816007264075215,0.9278161962433197,9.13597222222222,1.8623376666036768,312.3333333333333,60.41656163288531,,,159.06666666666666,13.4701031236186,,,0.9565821936471055,0.332014761802056,0.6664289751310413,21.61978892011186,0.0,4.820214497381448,0.0,0.33330181737245035
gaia_proxy,20.0,high,6,30,57.10588032017667,3.1048257151383605,1.7554820959588289,0.2997264034040088,6.600555555555551,1.253223684777321,517.5,78.18314043498037,,,196.06666666666666,9.68800656814227,,,1.111047613118214,0.10725571598652228,0.4484603360781578,27.977477493450905,0.0,3.466808626624758,0.0,0.29125746508080586
las_proxy,20.0,high,6,30,58.97929233910337,3.0150290951920153,1.428223896986718,0.3121978297773774,5.574305555555553,1.421195888339537,583.1,92.77349130896806,,,192.73333333333332,9.982513446654785,,,1.0789143053544241,0.11171855859850874,0.5085684171624096,33.19856749990844,0.0,3.5721965596165597,0.0,0.30601500694795936
